twitter,domain,name,type,gender
katyperry,katyperry.com,KATY PERRY,celebrity,F
justinbieber,smarturl.it,Justin Bieber,celebrity,M
taylorswift13,grmypro.co,Taylor Swift,celebrity,F
rihanna,rihannanow.com,Rihanna,celebrity,F
ladygaga,,The Countess,celebrity,F
jtimberlake,justintimberlake.com,Justin Timberlake,celebrity,M
TheEllenShow,ellentube.com,Ellen DeGeneres,celebrity,F
britneyspears,britney.lk,Britney Spears,celebrity,F
Cristiano,,Cristiano Ronaldo,celebrity,M
KimKardashian,AppStore.com,Kim Kardashian West,celebrity,F
shakira,rov.io,Shakira,celebrity,F
selenagomez,smarturl.it,Selena Gomez,celebrity,F
JLo,jlo.lk,Jennifer Lopez,celebrity,F
ArianaGrande,smarturl.it,Ariana Grande,celebrity,F
ddlovato,demilovato.com,Demi Lovato,celebrity,F
jimmyfallon,tonightshow.com,jimmy fallon,celebrity,M
Oprah,oprah.com,Oprah Winfrey,celebrity,F
Pink,,P!nk,celebrity,F
Drake,octobersveryown.com,Drizzy,celebrity,M
Harry_Styles,onedirectionmusic.com,Harry Styles,celebrity,M
onedirection,onedirectionmusic.com,One Direction,celebrity,M
BillGates,gatesnotes.com,Bill Gates,celebrity,M
KingJames,LeBronJames.com,LeBron James,celebrity,M
LilTunechi,youngmoney.com,Lil Wayne WEEZY F,celebrity,M
BrunoMars,brunomars.com,Bruno Mars,celebrity,M
Adele,adele.com,Adele,celebrity,F
NiallOfficial,onedirectionmusic.com,Niall Horan,celebrity,M
MileyCyrus,,Miley Ray Cyrus,celebrity,F
aliciakeys,aliciakeys.com,Alicia Keys,celebrity,F
KevinHart4real,whatnowtour.com,Kevin Hart,celebrity,M
wizkhalifa,wizkhalifa.com,Cameron,celebrity,M
pitbull,youtube.com,Pitbull,celebrity,M
LiamPayne,onedirectionmusic.com,Liam,celebrity,M
Louis_Tomlinson,,Louis Tomlinson,celebrity,M
NICKIMINAJ,,NICKI MINAJ,celebrity,F
Eminem,eminem.com,Marshall Mathers,celebrity,M
EmmaWatson,,Emma Watson,celebrity,F
AvrilLavigne,smarturl.it,Avril Lavigne,celebrity,F
ActuallyNPH,,Neil Patrick Harris,celebrity,M
danieltosh,danieltosh.com,daniel tosh,celebrity,M
davidguetta,davidguetta.com,David Guetta,celebrity,M
ConanOBrien,teamcoco.com,"Conan O'Brien",celebrity,M
SrBachchan,srbachchan.tumblr.com,Amitabh Bachchan,celebrity,M
aplusk,,ashton kutcher,celebrity,M
khloekardashian,khloewithak.com,Khloé,celebrity,F
kourtneykardash,,Kourtney Kardashian,celebrity,F
zaynmalik,,zayn,celebrity,M
iamsrk,,Shah Rukh Khan,celebrity,M
coldplay,coldplay.com,Coldplay,celebrity,M
MariahCarey,mariahcarey.com,Mariah Carey,celebrity,F
edsheeran,,Ed Sheeran,celebrity,M
xtina,christinaaguilera.com,Christina Aguilera,celebrity,F
JimCarrey,jimcarrey.com,Jim Carrey,celebrity,M
kanyewest,KANYEWEST.COM,KANYE WEST,celebrity,M
chrisbrown,chrisbrownworld.com,Chris Brown,celebrity,M
aamir_khan,aamirkhan.com,Aamir Khan,celebrity,M
BeingSalmanKhan,,Salman Khan,celebrity,M
agnezmo,agnezmo.com,AGNEZ MO,celebrity,F
Beyonce,beyonce.com,Beyoncé Knowles,celebrity,F
blakeshelton,blakeshelton.com,Blake Shelton,celebrity,M
RyanSeacrest,ryanseacrest.com,Ryan Seacrest,celebrity,M
LeoDiCaprio,leonardodicaprio.com,Leonardo DiCaprio,celebrity,M
ParisHilton,ParisHilton.com,Paris Hilton,celebrity,F
iamwill,will.i.am,will.i.am,celebrity,M
KendallJenner,,Kendall Jenner,celebrity,F
ashleytisdale,thehautemess.com,AshleyTisdaleFrench,celebrity,F
tyrabanks,tyra.com,Tyra Banks,celebrity,F
SnoopDogg,YouTube.com,Snoop Dogg,celebrity,M
SimonCowell,,Simon Cowell,celebrity,M
WayneRooney,waynerooney.com,Wayne Rooney,celebrity,M
KDTrey5,,Kevin Durant,celebrity,M
maroon5,maroon5.com,Maroon 5,celebrity,M
KylieJenner,,Kylie Jenner,celebrity,F
deepikapadukone,,Deepika Padukone,celebrity,F
stephenfry,stephenfry.com,Stephen Fry,celebrity,M
charliesheen,charliesheen.com,Charlie Sheen,celebrity,M
iHrithik,,Hrithik Roshan,celebrity,M
priyankachopra,iampriyankachopra.com,PRIYANKA ,celebrity,F
3gerardpique,,Gerard Piqué,celebrity,M
ZacEfron,zacefron.com,Zac Efron,celebrity,M
carlyraejepsen,carlyraemusic.com,Carly Rae Jepsen,celebrity,F
rustyrockets,russellbrand.com,Russell Brand,celebrity,M
iamdiddy,Smarturl.it,Sean Diddy Combs,celebrity,M
Ludacris,ludaversal.com,Ludacris,celebrity,M
SHAQ,,SHAQ,celebrity,M
paulocoelho,paulocoelhoblog.com,Paulo Coelho,celebrity,M
kelly_clarkson,kellyclarkson.com,Kelly Clarkson,celebrity,F
tomhanks,playtone.com,Tom Hanks,celebrity,M
Usher,chains.tidal.com,Usher Raymond IV,celebrity,M
akshaykumar,,Akshay Kumar,celebrity,M
LunaMaya26,itslunamaya.com,luna maya,celebrity,F
rickygervais,rickygervais.com,Ricky Gervais,celebrity,M
MesutOzil1088,mesutoezil.com,Mesut Özil,celebrity,M
nickjonas,nickjonas.com,Nick Jonas,celebrity,M
XabiAlonso,,Xabi Alonso,celebrity,M
TheRock,,Dwayne Johnson,celebrity,M
enriqueiglesias,enriqueiglesias.com,Enrique Iglesias,celebrity,M
StephenAtHome,,Stephen Colbert,celebrity,M
aguerosergiokun,sergioaguero.com,Sergio Kun Aguero,celebrity,M
VictoriaJustice,vjustice.co,Victoria Justice,celebrity,F
FALCAO,,Radamel Falcao,celebrity,M
lindsaylohan,official.lindsaylohan.com,Lindsay Lohan,celebrity,F
arrahman,arrahman.com,A.R.Rahman,celebrity,M
AustinMahone,,Austin Mahone,celebrity,M
victoriabeckham,victoriabeckham.com,Victoria Beckham,celebrity,F
jamesdrodriguez,jamesrodriguez.com.co,James Rodríguez,celebrity,M
TreySongz,smarturl.it,Trey Songz,celebrity,M
SofiaVergara,sofiavergara.com,Sofia Vergara,celebrity,M
jessicaalba,,Jessica Alba,celebrity,F
daddy_yankee,youtu.be,Daddy Yankee,celebrity,M
LMFAO,partyrockpeople.com,LMFAO,celebrity,M
imVkohli,,Virat Kohli ,celebrity,M
JessieJ,jessiejofficial.com,Jessie J,celebrity,F
annecurtissmith,anne.ph,Anne Curtis-Smith,celebrity,F
sachin_rt,,sachin tendulkar,celebrity,M
SethMacFarlane,,Seth MacFarlane,celebrity,M
MarcAnthony,marcanthonyonline.com,Marc Anthony,celebrity,M
cesc4official,cescfabregas.com,Cesc Fàbregas Soler,celebrity,M
50cent,smarturl.it,50cent,celebrity,M
Pharrell,smarturl.it,Pharrell Williams,celebrity,M
joejonas,republicrec.co,J O E  J O N A S,celebrity,M
BigSean,uknowbigsean.com,Big Sean,celebrity,M
5SOS,,5 Seconds of Summer,celebrity,M
kobebryant,kobebryant.com,Kobe Bryant,celebrity,M
juniorbachchan,,Abhishek Bachchan ,celebrity,M
channingtatum,channingtatumunwrapped.com,Channing Tatum,celebrity,M
Persie_Official,robinvanpersie.com,Robin van Persie,celebrity,M
sonamakapoor,,Sonam Kapoor,celebrity,F
CodySimpson,radi.al,Cody Simpson,celebrity,M
GarethBale11,,Gareth Bale,celebrity,M
JohnCena,,John Cena,celebrity,M
JColeNC,dreamvillain.net,J. Cole,celebrity,M
MirandaCosgrove,,Miranda Cosgrove,celebrity,F
johnlegend,johnlegend.com,John Legend,celebrity,M
EvaLongoria,jcp.is,Eva Longoria,celebrity,F
karanjohar,,Karan Johar,celebrity,M
Guaje7Villa,davidvilla7.com,David Villa,celebrity,M
CherLloyd,,Cher Lloyd,celebrity,F
JessicaSimpson,jessicasimpson.com,Jessica Simpson,celebrity,F
LittleMix,little-mix.com,Little Mix,celebrity,F
carmeloanthony,THISISMELO.com,Carmelo Anthony,celebrity,M
SarahKSilverman,youtube.com,Sarah Silverman,celebrity,F
shahidkapoor,,Shaandaar Kapoor,celebrity,M
Tyga,itun.es,T-Raww,celebrity,M
snooki,thesnookishop.com,Nicole Polizzi,celebrity,F
ZooeyDeschanel,sheandhim.com,zooey deschanel,celebrity,F
simonpegg,simonpegg.net,Pegg News,celebrity,M
NeYoCompound,,NE-YO,celebrity,M
CalvinHarris,,Calvin Harris,celebrity,M
richardbranson,virgin.com,Richard Branson,celebrity,M
ciara,smarturl.it,Ciara,celebrity,F
SteveMartinToGo,stevemartin.com,Steve Martin,celebrity,M
ollyofficial,smarturl.it,Olly Murs,celebrity,M
KELLYROWLAND,KellyRowland.com,KELENDRIA ROWLAND,celebrity,F
Fearnecotton,officialfearnecotton.com,fearne cotton,celebrity,F
rioferdy5,5mag.co,Rio Ferdinand,celebrity,M
FloydMayweather,themoneyteam.com,Floyd Mayweather,celebrity,M
Luke5SOS,,Luke Hemmings,celebrity,M
inijedar,jessicaiskandar.com,Jessica Iskandar,celebrity,F
andersoncooper,andersoncooper.com,Anderson Cooper,celebrity,M
FarOutAkhtar,excelmovies.com,Farhan Akhtar,celebrity,M
jennettemccurdy,,Jennette McCurdy,celebrity,F
bellathorne,imdb.com,bella thorne,celebrity,F
hollywills,officialhollywilloughby.com,Holly Willoughby,celebrity,F
Tip,grandhustlegang.com,TI,celebrity,M
PerezHilton,PerezHilton.com,Perez Hilton,celebrity,M
DwightHoward,dwighthoward.com,Dwight Howard,celebrity,M
CHAYANNEMUSIC,chayanne.com,CHAYANNE,celebrity,M
aliaa08,,SHAANDAAR Alia,celebrity,F
Zendaya,crowdrise.com,Zendaya,celebrity,F
jimmykimmel,youtube.com,Jimmy Kimmel,celebrity,M
RealHughJackman,,Hugh Jackman,celebrity,M
IGGYAZALEA,iggyazalea.com,IGGY AZALEA,celebrity,F
AnushkaSharma,,Anushka Sharma,celebrity,F
LanaDelRey,lanadelrey.com,Lana Del Rey,celebrity,F
sonakshisinha,,Sonakshi Sinha,celebrity,F
jk_rowling,jkrowling.com,J.K. Rowling,celebrity,F
official_flo,,FLO RIDA,celebrity,M
CherylOfficial,,Cheryl,celebrity,F
officialjaden,MSFTSrep.com,Jaden Smith,celebrity,M
ParineetiChopra,,Parineeti Chopra,celebrity,F
RobertDowneyJr,,Robert Downey Jr,celebrity,M
jimmycarr,jimmycarr.com,Jimmy Carr,celebrity,M
TomCruise,TomCruise.com,Tom Cruise,celebrity,M
kendricklamar,txdxe.com,Kendrick Lamar,celebrity,M
serenawilliams,serenawilliams.com,Serena Williams,celebrity,F
adamlevine,maroon5.com,Adam Levine,celebrity,M
JeremyClarkson,,Jeremy Clarkson,celebrity,M
VanessaHudgens,vanessahudgens.tumblr.com,Vanessa Hudgens,celebrity,F
Michael5SOS,5sosf.am,Michael Clifford,celebrity,M
elliegoulding,elliegoulding.com,Ellie Goulding,celebrity,F
thekiranbedi,kiranbedi.com,Kiran Bedi,celebrity,F
raisa6690,,Raisa Andriana,celebrity,F
lilyallen,lilyallenmusic.com,lily,celebrity,F
AnupamPkher,actorprepares.net,Anupam Kher,celebrity,M
MichelleObama,barackobama.com,Michelle Obama,celebrity,F
maryjblige,maryjblige.com,Mary J. Blige,celebrity,F
justdemi,,Demi Moore,celebrity,F
SamuelLJackson,samuelljackson.com,Samuel L. Jackson,celebrity,M
NicoleScherzy,nicolescherzinger.com,Nicole Scherzinger,celebrity,F
RitaOra,smarturl.it,Rita Ora,celebrity,F
mirandalambert,mirandalambert.com,Miranda Lambert,celebrity,F
bclsinclair,bclofficial.com,bunga citra lestari,celebrity,F
RedHourBen,,Ben Stiller,celebrity,M
mindykaling,bit.ly,Mindy Kaling,celebrity,F
LukeBryanOnline,umgn.us,Luke Bryan,celebrity,M
MacMiller,macmillerswebsite.com,Mac,celebrity,M
D_DeGea,degea1.com,David De Gea,celebrity,M
juanmata8,juanmata8.com,Juan Mata García,celebrity,M
TigerWoods,TigerWoods.com,Tiger Woods,celebrity,M
MikeTyson,miketyson.com,Mike Tyson,celebrity,M
LennyKravitz,lennykravitz.com,Lenny Kravitz,celebrity,M
kevinjonas,yoodapp.com,kevin jonas,celebrity,M
JonahHill,,Jonah Hill,celebrity,M
DwyaneWade,dwyanewade.com,DWade,celebrity,M
nicolerichie,,Nicole Richie,celebrity,F
linkinpark,linkinpark.com,LINKIN PARK,celebrity,M
HilaryDuff,smarturl.it,Hilary Duff,celebrity,M
ImRaina,,Suresh Raina,celebrity,M
RNTata2000,,Ratan N. Tata,celebrity,M
AnnaKendrick47,,Anna Kendrick,celebrity,F
AlanCarr,alancarr.net,Alan Carr,celebrity,M
lucyhale,lucyhale.com,Lucy Hale,celebrity,F
bridgitmendler,,Bridgit Mendler,celebrity,F
JohnCleese,johncleese.com,John Cleese,celebrity,M
souljaboy,itunes.apple.com,"Soulja Boy Tell 'Em",celebrity,M
carrieunderwood,carrieunderwoodofficial.com,Carrie Underwood,celebrity,F
DjokerNole,mobile.novakdjokovic.com,Novak Djokovic,celebrity,M
tyleroakley,youtu.be,Tyler Oakley,celebrity,M
johngreen,johngreenbooks.com,John Green,celebrity,M
BillSimmons,grantland.com,Bill Simmons,celebrity,M
llcoolj,m.kohls.com,Instagram  @LLCOOLJ,celebrity,M
LeaMichele,,Lea Michele,celebrity,F
iamsuperbianca,iamsuperbianca.com,Bianca Gonzalez,celebrity,F
msdhoni,,Mahendra Singh Dhoni,celebrity,M
piersmorgan,,Piers Morgan,celebrity,M
Skrillex,,SKRILLEX,celebrity,M
virendersehwag,sehwagworld.com,Virender Sehwag,celebrity,M
Lord_Sugar,,Lord Sugar,celebrity,M
CP3,chrispaul3.com,Chris Paul,celebrity,M
iamjamiefoxx,jamiefoxxmusic.com,Jamie Foxx,celebrity,M
gadelmaleh,gadelmaleh.com,Gad Elmaleh,celebrity,M
MarceloM12,,Marcelo Vieira,celebrity,M
yelyahwilliams,smarturl.it,hayley from Paramore,celebrity,F
SteveCarell,,Steve Carell,celebrity,M
neiltyson,haydenplanetarium.org,Neil deGrasse Tyson,celebrity,M
ShawnMendes,,Shawn Mendes,celebrity,M
TheVijayMallya,,Vijay Mallya,celebrity,M
Ashton5SOS,hiorheyrecords.com,Ashton Irwin,celebrity,M
Riteishd,,Riteish Deshmukh ,celebrity,M
RealLamarOdom,,LAMAR ODOM,celebrity,M
RandyOrton,,Randy Orton,celebrity,M
DjKingAssassin,djkingassassin.com,DJ KING ASSASSIN,celebrity,M
DJPaulyD,DJPaulyD.com,DJ Pauly D,celebrity,M
KevinSpacey,kevinspacey.com,Kevin Spacey,celebrity,M
OzzyOsbourne,ozzy.com,Ozzy Osbourne,celebrity,M
AdamSchefter,,Adam Schefter,celebrity,M
GaryLineker,,Gary Lineker,celebrity,M
JordinSparks,smarturl.it,Jordin Sparks,celebrity,F
rainnwilson,ow.ly,RainnWilson,celebrity,M
montesjulia,,Julia Montes,celebrity,F
hazardeden10,,Eden hazard,celebrity,M
ajaydevgn,,Ajay Devgn,celebrity,M
MirandaKerr,mirandakerr.com,Miranda Kerr,celebrity,F
GaryBarlow,garybarlow.com,Gary Barlow,celebrity,M
TheShilpaShetty,bestdealtv.in,SHILPA SHETTY KUNDRA,celebrity,F
BillCosby,BillCosby.com,Bill Cosby,celebrity,M
tonyhawk,about.me,Tony Hawk,celebrity,M
noaheverett,pingly.com,Noah Everett,celebrity,M
tylerperry,tylerperry.com,Tyler Perry,celebrity,M
bipsluvurself,bipashabasunet.com,Bipasha Basu,celebrity,F
Caradelevingne,iamcaradelevingne.tumblr.com,Cara Delevingne,celebrity,F
galifianakisz,zachgalifianakis.com,zach galifianakis,celebrity,M
Nelly_Mo,nelly.net,Nelly_Mo,celebrity,M
DebbyRyan,debbyryan.tumblr.com,DΞΒΒΥ RΥΛΠ,celebrity,F
KellyOsbourne,kellyosbourne.com,Kelly Osbourne,celebrity,F
JoelOsteen,JoelOsteen.com,Joel Osteen,celebrity,M
dylanobrien,imdb.com,"Dylan O'Brien",celebrity,M
KeriHilson,,Keri Hilson,celebrity,F
realpreityzinta,,Preity zinta,celebrity,F
rogerfederer,rogerfederer.com,Roger Federer,celebrity,M
lorde,lordemusic.tumblr.com,Lorde,celebrity,F
GreenDay,greenday.com,Green Day,celebrity,M
jackwhitehall,jackwhitehall.com,Jack Whitehall,celebrity,M
alyankovic,weirdal.com,Al Yankovic,celebrity,M
Jenna_Marbles,youtube.com,Jenna Mourey/Marbles,celebrity,F
shreyaghoshal,shreyaghoshal.com,Shreya Ghoshal,celebrity,F
wyclef,Wyclef.com,Wyclef Jean,celebrity,M
scooterbraun,scooterbraun.com,Scooter Braun,celebrity,M
tiesto,tiesto.com,Tiësto,celebrity,M
AshBenzo,ashleybenson.net,Ashley Benson,celebrity,F
iyavillania,iyavillania.com,IyaVillaniaArellano,celebrity,F
usainbolt,usainbolt.com,Usain St. Leo Bolt,celebrity,M
lancearmstrong,mellowjohnnys.com,Lance Armstrong,celebrity,M
paulwesley,,Paul Wesley,celebrity,M
paulpierce34,paulpierce.net,Paul Pierce,celebrity,M
hitRECordJoe,hitRECord.org,Joseph Gordon-Levitt,celebrity,M
MadhuriDixit,madhuridixit-nene.com,Madhuri Dixit-Nene,celebrity,F
IAMJHUD,jenniferhudson.com,Jennifer Hudson,celebrity,F
DrOz,doctoroz.com,Dr. Mehmet Oz,celebrity,M
JoyceMeyer,joycemeyer.org,Joyce Meyer,celebrity,F
ValeYellow46,valentinorossi.com,Valentino Rossi,celebrity,M
TherealTaraji,,Taraji P. Henson,celebrity,F
ElBaradei,ar-ar.,Mohamed ElBaradei,celebrity,M
jimjonescapo,capolife.com,Jim Jones,celebrity,M
joelmchale,joelmchaleonline.com,Joel McHale,celebrity,M
jaimecamil,jaimecamil.com,Jaime Camil,celebrity,M
OfficialWillow,ketsuktiam.tumblr.com,Willy,celebrity,F
bigtimerush,btrband.com,Big Time Rush,celebrity,M
_Pedro17_,pedro17.com,Pedro Rodríguez,celebrity,M
samsmithworld,,SAM SMITH,celebrity,M
Schofe,officialphillipschofield.com,Phillip Schofield,celebrity,M
EmilyOsment,emilyosmentofficial.com,Emily Osment,celebrity,F
itsenriquegil,,Enrique Gil,celebrity,M
samuelmilby,,Sam Milby,celebrity,M
ChrisMoyles,youtube.com,Chris Moyles,celebrity,M
BradPaisley,bradpaisley.com,Brad Paisley,celebrity,M
DannyDeVito,imdb.com,Danny DeVito,celebrity,M
robdyrdek,robdyrdek.com,Rob Dyrdek,celebrity,M
JENNIWOWW,jennifarley.com,JWOWW,celebrity,F
jasonderulo,smarturl.it,Jason Derulo,celebrity,M
Schwarzenegger,schwarzenegger.com,Arnold,celebrity,M
JoshDevineDrums,,Josh Devine,celebrity,M
KeshaRose,smarturl.it,kesha,celebrity,F
JakeTAustin,,Jake T. Austin,celebrity,M
officialtulisa,,Tulisa Contostavlos,celebrity,F
EleanorJCalder,thetrendpear.com,Eleanor Calder,celebrity,F
ochocinco,ocnnreport.com,Chad Johnson,celebrity,M
chrisrock,chrisrock.com,Chris Rock,celebrity,M
sneijder101010,,Wesley Sneijder,celebrity,M
SeanKingston,seankingston.com,SEAN KINGSTON ©,celebrity,M
amandabynes,,amanda bynes,celebrity,F
MCHammer,alchemistmgmt.com,MC HAMMER,celebrity,M
giseleofficial,giselebundchen.com,Gisele Bündchen,celebrity,F
Fergie,fergie.com,Fergie,celebrity,F
dumbassgenius,rickrosner.com,Rick G. Rosner,celebrity,M
NellyFurtado,nellyfurtado.com,Nelly Furtado,celebrity,F
kuyakim_atienza,,kim atienza,celebrity,M
nikkigil,,Nikki Gil,celebrity,F
maddow,rachel.msnbc.com,Rachel Maddow MSNBC,celebrity,F
questlove,itunes.apple.com,Questlove Gomez,celebrity,M
YUVSTRONG12,youwecan.com,yuvraj singh,celebrity,M
TravieMcCoy,traviemccoy.com,Travie McCoy,celebrity,M
LaurenConrad,laurenconrad.com,Lauren Conrad,celebrity,F
21LVA,davidjimenezsilva.com,David Silva,celebrity,M
CaioCastro,,Caio Castro,celebrity,M
brookeburke,,Brooke Burke-Charvet,celebrity,F
MrPeterAndre,peterandre.com,Peter Andre,celebrity,M
ToniKroos,toni-kroos.com,Toni Kroos,celebrity,M
GiulianaRancic,giulianarancic.com,Giuliana Rancic,celebrity,F
JoeyEssex_,FuseyOfficial.com,Joey Essex,celebrity,M
heidiklum,heidiklum.com,Heidi Klum,celebrity,F
lala,amzn.to,LA LA,celebrity,F
GemmaAnneStyles,gemmastyles.com,Gemma Styles,celebrity,F
RobertsEmma,,Emma Roberts,celebrity,F
BustaRhymes,,Busta Rhymes,celebrity,M
NathanFillion,,Nathan Fillion,celebrity,M
pattiemallette,pattiemallette.com,Pattie Mallette,celebrity,F
6BillionPeople,MarquisTrill.com,MarQuis Trill,celebrity,M
TheMattEspinosa,CREATIVECOLLABTOUR.com,Matthew Espinosa,celebrity,M
blakegriffin23,blakegriffin.com,Blake Griffin,celebrity,M
danawhite,ufc.com,Dana White,celebrity,M
Sethrogen,hilarityforcharity.org,Seth Rogen,celebrity,M
andy_murray,andymurray.com,Andy Murray,celebrity,M
JohnBishop100,johnbishoponline.com,John Bishop,celebrity,M
ceracoat,ceracoat.me,Dr Elio Keller,celebrity,M
DavidKWilliams,fishbowlinventory.com,DavidKWilliams,celebrity,M
michkeegan,,michelle keegan,celebrity,F
deadmau5,live.deadmau5.com,deadmau5,celebrity,M
BRUNOIERULLO,brunoierullo.com,BRUNO IERULLO,celebrity,M
themichaelowen,michaelowen.com,michael owen,celebrity,M
DrakeBell,drakebell.com,Drake Bell,celebrity,M
AnselElgort,,Ansel Elgort,celebrity,M
SaraBareilles,sarabmusic.com,Sara Bareilles,celebrity,F
sethmeyers,,Seth Meyers,celebrity,M
JanetJackson,janetjackson.com,Janet Jackson,celebrity,F
paugasol,paugasol.com,Pau Gasol,celebrity,paugasol,M
billmaher,billmaher.com,Bill Maher,celebrity,M
VINNYGUADAGNINO,podcastone.com,Vinny Guadagnino,celebrity,M
MsLeaSalonga,leasalonga.com,Lea Salonga,celebrity,F
jack,,Jack,celebrity,M
ilovegeorgina,,Georgina Wilson,celebrity,F
Tyrese,smarturl.it,Vision Implementer,celebrity,M
DaneCook,,Dane Cook,celebrity,M
JerrySeinfeld,jerryseinfeld.com,Jerry Seinfeld,celebrity,M
geneliad,,Genelia Deshmukh,celebrity,F
D_Copperfield,davidcopperfield.com,David Copperfield,celebrity,M
RealTracyMorgan,,Tracy Morgan,celebrity,M
drdrew,drdrew.com,Dr Drew,celebrity,M
1LoganHenderson,,Logan Henderson,celebrity,M
Ibra_official,,Zlatan Ibrahimović,celebrity,M
common,thinkcommon.com,COMMON,celebrity,M
DaRealAmberRose,amberroseeyewear.com,Amber Rose,celebrity,F
Asli_Jacqueline,,Jacqueline Fernandez,celebrity,F
Benzema,carbu.link,Karim Benzema,celebrity,M
MarthaStewart,themarthablog.com,Martha Stewart,celebrity,M
jamesmaslow,sherlockholmesonstage.com,James Maslow,celebrity,M
oscar8,,Oscar,celebrity,M
DavidHenrie,,David Henrie,celebrity,M
Caspar_Lee,youtube.com,Caspar Lee,celebrity,M
steveaoki,smarturl.it,Steve Aoki,celebrity,M
DaniellePeazer,youtube.com,Danielle Peazer,celebrity,F
JHarden13,,James Harden,celebrity,M
shrutihaasan,myspace.com,shruti haasan,celebrity,F
Joey7Barton,joeybarton.com,Joseph Barton,celebrity,M
MirzaSania,saniamirzatennisacademy.com,Sania Mirza,celebrity,F
steveaustinBSR,,Steve Austin,celebrity,M
ninagarcia,ninagarcia.com,Nina Garcia,celebrity,F
Imaginedragons,imaginedragonsmusic.com,Imagine Dragons,celebrity,M
HayesGrier,,Hayes Grier,celebrity,M
shaymitch,us.macmillan.com,Shay Mitchell,celebrity,F
troyesivan,troye.si,Troye Sivan,celebrity,M
ReggieBush,ReggieBush.com,Reggie Bush,celebrity,M
Metallica,metallica.com,Metallica,celebrity,M
bhogleharsha,,Harsha Bhogle,celebrity,M
GNev2,,Gary Neville,celebrity,M
StephenCurry30,Stephencurry30.com,Stephen Curry,celebrity,M
TimTebow,timtebow.com,Tim Tebow,celebrity,M
LewisHamilton,lewis.social,Lewis Hamilton,celebrity,M
jhutch1992,joshhutcherson.com,Josh Hutcherson,celebrity,M
bomanirani,,Boman Irani,celebrity,M
lenadunham,lennyletter.com,Lena Dunham,celebrity,F
LeighFrancis,leighfrancis.tv,Leigh Francis,celebrity,M
FLOTUS,whitehouse.gov,The First Lady,celebrity,F
theweeknd,theweeknd.co,The Weeknd,celebrity,M
PearlJam,pearljam.com,Pearl Jam,celebrity,M
ShawnMichaels,TheShawnMichaels.com,Shawn Michaels,celebrity,M
TheVampsband,po.st,The Vamps,celebrity,M
IAmSteveHarvey,iamsteveharvey.com,Steve Harvey,celebrity,M
ABdeVilliers17,abdevilliers.com,AB de Villiers,celebrity,M
ErinAndrews,erinandrews.com,Erin Andrews,celebrity,F
sardesairajdeep,rajdeepsardesai.net,Rajdeep Sardesai,celebrity,M
wilw,wilwheaton.net,Wil SCREAMton,celebrity,M
prattprattpratt,,chris pratt,celebrity,M
itsgabrielleu,,Gabrielle Union,celebrity,F
iSonuNigam,sonunigam.in,Sonu Nigam,celebrity,M
Jason_Aldean,jasonaldean.com,Jason Aldean,celebrity,M
MikaSingh,mikasingh.in,King Mika Singh,celebrity,M
ChrisEvans,,Chris Evans,celebrity,M
jimmyeatworld,jimmyeatworld.com,Jimmy Eat World,celebrity,M
MarkWright_,,Mark Wright,celebrity,M
cher,cher.com,Cher,celebrity,F
Alyssa_Milano,Alyssa.com,Alyssa Milano,celebrity,F
ThatKevinSmith,smodcast.com,KevinSmith,celebrity,M
MarioGoetze,mario-goetze.com,Mario Götze,celebrity,M
BDUTT,,barkha dutt,celebrity,F
thebeatles,thebeatles.com,The Beatles,celebrity,M
MagicJohnson,,Earvin Magic Johnson,celebrity,M
BSchweinsteiger,bastian-schweinsteiger.de,Basti Schweinsteiger,celebrity,M
KP24,,Kevin Pietersen,celebrity,M
ashleesimpson,ashleesimpsonmusic.com,Ashlee Simpson Ross,celebrity,F
drdre,drdre.com,Dr. Dre,celebrity,M
KatGraham,katgraham.com,Kat Graham,celebrity,F
elonmusk,,Elon Musk,celebrity,M
markwahlberg,,Mark Wahlberg,celebrity,M
MissyElliott,,Missy Elliott,celebrity,F
PointlessBlog,YouTube.com,Alfie Deyes,celebrity,M
ImRo45,,Rohit Sharma ,celebrity,M
macklemore,DowntownTheSong.com,Macklemore,celebrity,M
TheRealMikeEpps,mikeepps.com,Mike Epps,celebrity,M
thekillers,thekillersmusic.com,The Killers,celebrity,M
markhoppus,himynameismark.com,Dadcula,celebrity,M
LizGillies,youtube.com,Elizabeth Gillies,celebrity,F
notch,notch.net,Markus Persson,celebrity,M
radioleary,johnnoel.com,"Dermot O'Leary",celebrity,M
russwest44,,Russell Westbrook,celebrity,M
henrylau89,,Henry Lau,celebrity,M
Trevornoah,trevornoah.com,Trevor Noah,celebrity,M
rampalarjun,,arjun rampal,celebrity,M
TheFarahKhan,,Farah Khan,celebrity,F
RyanSheckler,ryansheckler.com,Ryan Sheckler,celebrity,M
hardwick,,Chris Hardwick,celebrity,M
AlvaroMorata,alvaromorata9.com,Álvaro Morata,celebrity,M
kerrywashington,kerrywashington.com,kerry washington,celebrity,F
BethanyMota,youtube.com, Bethany Mota ∞ ,celebrity,F
TheCarlosPena,lexlos.com,Carlos PenaVega,celebrity,M
AlfredoFlores,,Alfredo Flores,celebrity,M
jackgilinsky,apple.co,Jack Gilinsky,celebrity,M
TonyRobbins,tonyrobbins.com,Tony Robbins,celebrity,M
GaryValenciano1,garyv.com,GARY VALENCIANO,celebrity,M
KendraWilkinson,,Kendra Wilkinson,celebrity,F
4everBrandy,,The Next Brandy,celebrity,F
GordonRamsay,gordonramsay.com,Gordon Ramsay,celebrity,M
henrygayle,,Chris Gayle,celebrity,M
SeppBlatter,,Joseph S Blatter,celebrity,M
McIlroyRory,rorymcilroy.com,Rory Mcilroy,celebrity,M
RealPaulWalker,paulwalkerfoundation.org,Paul Walker,celebrity,M
IanMcKellen,McKellen.com,Ian McKellen,celebrity,M
XianLimm,xianlimm.com,XIAN LIM,celebrity,M
DeepakChopra,deepakchopra.com,Deepak Chopra,celebrity,M
kingsthings,ora.tv,Larry King,celebrity,M
Anggun_Cipta,anggun.com,Anggun Official,celebrity,F
icecube,icecube.com,Ice Cube,celebrity,M
LaraDutta,mylaradutta.com,Lara Dutta Bhupathi,celebrity,F
DAVID_LYNCH,davidlynch.com,David Lynch,celebrity,M
jeremypiven,imdb.com,Jeremy Piven,celebrity,M
FifthHarmony,smarturl.it,Fifth Harmony,celebrity,F
feliciaday,feliciaday.com,Felicia Day,celebrity,F
ShraddhaKapoor,,Shraddha Kapoor,celebrity,F
biz,jelly.co,Biz Stone,celebrity,M
TomDaley1994,tomdaley.tv,Tom Daley,celebrity,M
chriscolfer,thelandofstories.com,Chris Colfer,celebrity,M
TheRealAC3,,Ashley Cole,celebrity,M
IAmJericho,chris-jericho.org,Chris Jericho,celebrity,M
JackJohnson,itun.es,Jack Johnson,celebrity,M
JoeyGraceffa,youtube.com,Joey Graceffa,celebrity,M
Joe_Sugg,,Joe Sugg,celebrity,M
aaronpaul_8,slashfilm.com,Aaron Paul,celebrity,M
MannyPacquiaoTR,,Manny Pacquiao,celebrity,M
MsLaurenLondon,,Lauren London,celebrity,F
PaulMcCartney,PaulMcCartney.com,Paul McCartney,celebrity,M
RossLynch,R5rocks.com,Ross Lynch,celebrity,M
TheMandyMoore,,Mandy Moore,celebrity,F
adamlambert,adamofficial.com,ADAM LAMBERT,celebrity,M
anandmahindra,mahindra.com,anand mahindra,celebrity,M
BillNye,billnyebooks.com,Bill Nye,celebrity,M
greysonchance,greyson-official.com,Greyson Chance,celebrity,M
JimGaffigan,jimgaffigan.com,Jim Gaffigan,celebrity,M
DENISE_RICHARDS,deniserichards.com,Denise Richards,celebrity,F
stephenasmith,stephena.com,Stephen A Smith,celebrity,M
RichardHammond,thehamsterscage.co.uk,Richard Hammond,celebrity,M
iqbaale,,IqbaalDhiafakhri-IDR,celebrity,M
ThisisDavina,thisisdavina.com,Davina McCall,celebrity,F
D_Ospina1,,David Ospina,celebrity,M
xtianbautista,christianbautistaonline.com,Christian Bautista,celebrity,M
carterreynolds,youtube.com,Carter Reynolds,celebrity,M
KyrieIrving,,Kyrie Irving,celebrity,M
iloveruffag,iloveruffag.com,Ruffa Gutierrez,celebrity,F
jccaylen,kianandjctour.com,☁︎jc,celebrity,M
Bourdain,,Anthony Bourdain,celebrity,M
RachelZoe,thezoereport.com,Rachel Zoe,celebrity,F
djkhaled,,DJ KHALED,celebrity,M
jasonsegel,,Jason Segel,celebrity,M
robbiewilliams,robbiewilliams.com,Robbie Williams,celebrity,M
MrJamesMay,,James May,celebrity,M
ImZaheer,zaheerkhans.com,zaheer khan,celebrity,M
lottietommo,lottietomlinson.com,Lottie Tomlinson,celebrity,F
JackHarries,jacksgap.com,Jackson Harries,celebrity,M
HeffronDrive,itun.es,Kendall Schmidt,celebrity,M
anakarylle,ph.omg.yahoo.com,karylletatlonghari,celebrity,F
JeremyBieber,shots.me,Jeremy Bieber,celebrity,M
NathanKress,imdb.com,Nathan Kress,celebrity,M
HARDWELL,,Hardwell,celebrity,M
Charlottegshore,officialcharlottecrosby.com,Charlotte Crosby,celebrity,F
S1dharthM,,Sidharth Malhotra,celebrity,M
twhiddleston,,Tom Hiddleston,celebrity,M
Actor_Rajini,,Rajinikanth,celebrity,M
CMPunk,cmpunk.com,Coach,celebrity,M
MarcusButler,youtube.com,Marcus Butler,celebrity,M
pattonoswalt,pattonoswalt.com,Patton Oswalt,celebrity,M
TripleH,,Triple H,celebrity,M
JodiStaMaria,,Jodi Sta.Maria,celebrity,F
AudrinaPatridge,audrinapatridge.com,Audrina Patridge,celebrity,F
siyovushdustov,siyovushdustov.com,Siyovush Dustov,celebrity,M
KattPackAllDay,,Katt Williams,celebrity,M
ShaneWarne,shanewarne.com,Shane Warne,celebrity,M
Dynamomagician,,Dynamo,celebrity,M
FrencHMonTanA,frenchmontanamusic.com,French Montana,celebrity,M
KeithUrban,keithurban.net,Keith Urban,celebrity,M
MikeVick,fanduel.com,Mike Vick,celebrity,M
woodyinho,marcoreus.de,Marco Reus,celebrity,M
bobsaget,bobsaget.com,bob saget,celebrity,M
TomFelton,,Tom Felton,celebrity,M
MrsSOsbourne,sharonosbourne.com,Sharon Osbourne,celebrity,F
MartinGarrix,martingarrix.com,MARTIN GARRIX,celebrity,M
SteveNash,,Steve Nash,celebrity,M
mariashriver,mariashriver.com,Maria Shriver,celebrity,F
esmuellert_,es-muellert-wieder.de,Thomas Müller,celebrity,M
VincentKompany,,Vincent Kompany,celebrity,M
williebosshog,,Willie Robertson,celebrity,M
Stromae,stromae.net,Stromae,celebrity,M
neilhimself,neilgaiman.com,Neil Gaiman,celebrity,M
DavidSpade,,David Spade,celebrity,M
PaulaAbdul,PaulaAbdul.com,Paula Abdul,celebrity,F
WWEDanielBryan,,Daniel Bryan,celebrity,M
drose,drosehoops.com,Derrick Rose,celebrity,M
RebelWilson,,Rebel Wilson,celebrity,F
michaelbuble,michaelbuble.com,Michael Bublé,celebrity,M
robertmarion,,Robi Domingo,celebrity,M
bonnovanderputt,,bonno van der putten,celebrity,M
luke_brooks,m.youtube.com,Luke Brooks,celebrity,M
depechemode,depechemode.com,Depeche Mode,celebrity,M
amyschumer,amyschumer.com,Amy Schumer,celebrity,F
CraigyFerg,,Craig Ferguson,celebrity,M
ayushmannk,ayushmannk.tumblr.com,Ayushmann Khurrana,celebrity,M
BIRDMAN5STAR,stunnalife.com,BIRDMAN,celebrity,M
kylieminogue,Kylie.com,kylie minogue,celebrity,F
Zedd,smarturl.it,Zedd,celebrity,M
SleepintheGardn,katuriankaturiankaturian.tumblr.com,Troian,celebrity,F
therealjuicyj,thejuicyj.com,juicy j,celebrity,M
